slug	version	glb_url	crosswalk_url
adipose-female	v1.0	https://cdn.humanatlas.io/digital-objects/ref-organ/adipose-female/v1.0/assets/3d-vh-f-adipose.glb	https://cdn.humanatlas.io/digital-objects/ref-organ/adipose-female/v1.0/assets/crosswalk.csv
adipose-male	v1.0	https://cdn.humanatlas.io/digital-objects/ref-organ/adipose-male/v1.0/assets/3d-vh-m-adipose.glb	https://cdn.humanatlas.io/digital-objects/ref-organ/adipose-male/v1.0/assets/crosswalk.csv
blood-vasculature-female	v1.3	https://cdn.humanatlas.io/digital-objects/ref-organ/blood-vasculature-female/v1.3/assets/3d-vh-f-blood-vasculature.glb	https://cdn.humanatlas.io/digital-objects/ref-organ/blood-vasculature-female/v1.3/assets/crosswalk.csv
blood-vasculature-male	v1.3	https://cdn.humanatlas.io/digital-objects/ref-organ/blood-vasculature-male/v1.3/assets/3d-vh-m-blood-vasculature.glb	https://cdn.humanatlas.io/digital-objects/ref-organ/blood-vasculature-male/v1.3/assets/crosswalk.csv
brain-female	v1.4	https://cdn.humanatlas.io/digital-objects/ref-organ/brain-female/v1.4/assets/3d-allen-f-brain.glb	https://cdn.humanatlas.io/digital-objects/ref-organ/brain-female/v1.4/assets/crosswalk.csv
brain-male	v1.4	https://cdn.humanatlas.io/digital-objects/ref-organ/brain-male/v1.4/assets/3d-allen-m-brain.glb	https://cdn.humanatlas.io/digital-objects/ref-organ/brain-male/v1.4/assets/crosswalk.csv
epiploic-appendage-of-transverse-colon-female	v1.0	https://cdn.humanatlas.io/digital-objects/ref-organ/epiploic-appendage-of-transverse-colon-female/v1.0/assets/3d-vh-f-epiploic-appendage-of-transverse-colon.glb	https://cdn.humanatlas.io/digital-objects/ref-organ/epiploic-appendage-of-transverse-colon-female/v1.0/assets/crosswalk.csv
epiploic-appendage-of-transverse-colon-male	v1.0	https://cdn.humanatlas.io/digital-objects/ref-organ/epiploic-appendage-of-transverse-colon-male/v1.0/assets/3d-vh-m-epiploic-appendage-of-transverse-colon.glb	https://cdn.humanatlas.io/digital-objects/ref-organ/epiploic-appendage-of-transverse-colon-male/v1.0/assets/crosswalk.csv
eye-female-left	v1.3	https://cdn.humanatlas.io/digital-objects/ref-organ/eye-female-left/v1.3/assets/3d-vh-f-eye-l.glb	https://cdn.humanatlas.io/digital-objects/ref-organ/eye-female-left/v1.3/assets/crosswalk.csv
eye-female-right	v1.3	https://cdn.humanatlas.io/digital-objects/ref-organ/eye-female-right/v1.3/assets/3d-vh-f-eye-r.glb	https://cdn.humanatlas.io/digital-objects/ref-organ/eye-female-right/v1.3/assets/crosswalk.csv
eye-male-left	v1.3	https://cdn.humanatlas.io/digital-objects/ref-organ/eye-male-left/v1.3/assets/3d-vh-m-eye-l.glb	https://cdn.humanatlas.io/digital-objects/ref-organ/eye-male-left/v1.3/assets/crosswalk.csv
eye-male-right	v1.3	https://cdn.humanatlas.io/digital-objects/ref-organ/eye-male-right/v1.3/assets/3d-vh-m-eye-r.glb	https://cdn.humanatlas.io/digital-objects/ref-organ/eye-male-right/v1.3/assets/crosswalk.csv
fallopian-tube-female-left	v1.2	https://cdn.humanatlas.io/digital-objects/ref-organ/fallopian-tube-female-left/v1.2/assets/3d-vh-f-fallopian-tube-l.glb	https://cdn.humanatlas.io/digital-objects/ref-organ/fallopian-tube-female-left/v1.2/assets/crosswalk.csv
fallopian-tube-female-right	v1.2	https://cdn.humanatlas.io/digital-objects/ref-organ/fallopian-tube-female-right/v1.2/assets/3d-vh-f-fallopian-tube-r.glb	https://cdn.humanatlas.io/digital-objects/ref-organ/fallopian-tube-female-right/v1.2/assets/crosswalk.csv
heart-female	v1.3	https://cdn.humanatlas.io/digital-objects/ref-organ/heart-female/v1.3/assets/3d-vh-f-heart.glb	https://cdn.humanatlas.io/digital-objects/ref-organ/heart-female/v1.3/assets/crosswalk.csv
heart-male	v1.3	https://cdn.humanatlas.io/digital-objects/ref-organ/heart-male/v1.3/assets/3d-vh-m-heart.glb	https://cdn.humanatlas.io/digital-objects/ref-organ/heart-male/v1.3/assets/crosswalk.csv
intervertebral-disk-female	v1.0	https://cdn.humanatlas.io/digital-objects/ref-organ/intervertebral-disk-female/v1.0/assets/3d-vh-f-intervertebral-disk.glb	https://cdn.humanatlas.io/digital-objects/ref-organ/intervertebral-disk-female/v1.0/assets/crosswalk.csv
intervertebral-disk-male	v1.0	https://cdn.humanatlas.io/digital-objects/ref-organ/intervertebral-disk-male/v1.0/assets/3d-vh-m-intervertebral-disk.glb	https://cdn.humanatlas.io/digital-objects/ref-organ/intervertebral-disk-male/v1.0/assets/crosswalk.csv
kidney-female-left	v1.3	https://cdn.humanatlas.io/digital-objects/ref-organ/kidney-female-left/v1.3/assets/3d-vh-f-kidney-l.glb	https://cdn.humanatlas.io/digital-objects/ref-organ/kidney-female-left/v1.3/assets/crosswalk.csv
kidney-female-right	v1.3	https://cdn.humanatlas.io/digital-objects/ref-organ/kidney-female-right/v1.3/assets/3d-vh-f-kidney-r.glb	https://cdn.humanatlas.io/digital-objects/ref-organ/kidney-female-right/v1.3/assets/crosswalk.csv
kidney-male-left	v1.3	https://cdn.humanatlas.io/digital-objects/ref-organ/kidney-male-left/v1.3/assets/3d-vh-m-kidney-l.glb	https://cdn.humanatlas.io/digital-objects/ref-organ/kidney-male-left/v1.3/assets/crosswalk.csv
kidney-male-right	v1.3	https://cdn.humanatlas.io/digital-objects/ref-organ/kidney-male-right/v1.3/assets/3d-vh-m-kidney-r.glb	https://cdn.humanatlas.io/digital-objects/ref-organ/kidney-male-right/v1.3/assets/crosswalk.csv
knee-female-left	v1.3	https://cdn.humanatlas.io/digital-objects/ref-organ/knee-female-left/v1.3/assets/3d-vh-f-knee-l.glb	https://cdn.humanatlas.io/digital-objects/ref-organ/knee-female-left/v1.3/assets/crosswalk.csv
knee-female-right	v1.3	https://cdn.humanatlas.io/digital-objects/ref-organ/knee-female-right/v1.3/assets/3d-vh-f-knee-r.glb	https://cdn.humanatlas.io/digital-objects/ref-organ/knee-female-right/v1.3/assets/crosswalk.csv
knee-male-left	v1.2	https://cdn.humanatlas.io/digital-objects/ref-organ/knee-male-left/v1.2/assets/3d-vh-m-knee-l.glb	https://cdn.humanatlas.io/digital-objects/ref-organ/knee-male-left/v1.2/assets/crosswalk.csv
knee-male-right	v1.2	https://cdn.humanatlas.io/digital-objects/ref-organ/knee-male-right/v1.2/assets/3d-vh-m-knee-r.glb	https://cdn.humanatlas.io/digital-objects/ref-organ/knee-male-right/v1.2/assets/crosswalk.csv
large-intestine-female	v1.3	https://cdn.humanatlas.io/digital-objects/ref-organ/large-intestine-female/v1.3/assets/3d-sbu-f-large-intestine.glb	https://cdn.humanatlas.io/digital-objects/ref-organ/large-intestine-female/v1.3/assets/crosswalk.csv
large-intestine-male	v1.3	https://cdn.humanatlas.io/digital-objects/ref-organ/large-intestine-male/v1.3/assets/3d-sbu-m-large-intestine.glb	https://cdn.humanatlas.io/digital-objects/ref-organ/large-intestine-male/v1.3/assets/crosswalk.csv
larynx-female	v1.1	https://cdn.humanatlas.io/digital-objects/ref-organ/larynx-female/v1.1/assets/3d-vh-f-larynx.glb	https://cdn.humanatlas.io/digital-objects/ref-organ/larynx-female/v1.1/assets/crosswalk.csv
larynx-male	v1.1	https://cdn.humanatlas.io/digital-objects/ref-organ/larynx-male/v1.1/assets/3d-vh-m-larynx.glb	https://cdn.humanatlas.io/digital-objects/ref-organ/larynx-male/v1.1/assets/crosswalk.csv
liver-female	v1.2	https://cdn.humanatlas.io/digital-objects/ref-organ/liver-female/v1.2/assets/3d-vh-f-liver.glb	https://cdn.humanatlas.io/digital-objects/ref-organ/liver-female/v1.2/assets/crosswalk.csv
liver-male	v1.2	https://cdn.humanatlas.io/digital-objects/ref-organ/liver-male/v1.2/assets/3d-vh-m-liver.glb	https://cdn.humanatlas.io/digital-objects/ref-organ/liver-male/v1.2/assets/crosswalk.csv
lung-female	v1.4	https://cdn.humanatlas.io/digital-objects/ref-organ/lung-female/v1.4/assets/3d-vh-f-lung.glb	https://cdn.humanatlas.io/digital-objects/ref-organ/lung-female/v1.4/assets/crosswalk.csv
lung-male	v1.4	https://cdn.humanatlas.io/digital-objects/ref-organ/lung-male/v1.4/assets/3d-vh-m-lung.glb	https://cdn.humanatlas.io/digital-objects/ref-organ/lung-male/v1.4/assets/crosswalk.csv
lymph-node-female	v1.4	https://cdn.humanatlas.io/digital-objects/ref-organ/lymph-node-female/v1.4/assets/3d-nih-f-lymph-node.glb	https://cdn.humanatlas.io/digital-objects/ref-organ/lymph-node-female/v1.4/assets/crosswalk.csv
lymph-node-male	v1.4	https://cdn.humanatlas.io/digital-objects/ref-organ/lymph-node-male/v1.4/assets/3d-nih-m-lymph-node.glb	https://cdn.humanatlas.io/digital-objects/ref-organ/lymph-node-male/v1.4/assets/crosswalk.csv
main-bronchus-female	v1.1	https://cdn.humanatlas.io/digital-objects/ref-organ/main-bronchus-female/v1.1/assets/3d-vh-f-main-bronchus.glb	https://cdn.humanatlas.io/digital-objects/ref-organ/main-bronchus-female/v1.1/assets/crosswalk.csv
main-bronchus-male	v1.1	https://cdn.humanatlas.io/digital-objects/ref-organ/main-bronchus-male/v1.1/assets/3d-vh-m-main-bronchus.glb	https://cdn.humanatlas.io/digital-objects/ref-organ/main-bronchus-male/v1.1/assets/crosswalk.csv
mammary-gland-female-left	v1.1	https://cdn.humanatlas.io/digital-objects/ref-organ/mammary-gland-female-left/v1.1/assets/3d-vh-f-mammary-gland-l.glb	https://cdn.humanatlas.io/digital-objects/ref-organ/mammary-gland-female-left/v1.1/assets/crosswalk.csv
mammary-gland-female-right	v1.1	https://cdn.humanatlas.io/digital-objects/ref-organ/mammary-gland-female-right/v1.1/assets/3d-vh-f-mammary-gland-r.glb	https://cdn.humanatlas.io/digital-objects/ref-organ/mammary-gland-female-right/v1.1/assets/crosswalk.csv
manubrium-female	v1.0	https://cdn.humanatlas.io/digital-objects/ref-organ/manubrium-female/v1.0/assets/3d-vh-f-manubrium.glb	https://cdn.humanatlas.io/digital-objects/ref-organ/manubrium-female/v1.0/assets/crosswalk.csv
mouth-female	v1.0	https://cdn.humanatlas.io/digital-objects/ref-organ/mouth-female/v1.0/assets/3d-vh-f-mouth.glb	https://cdn.humanatlas.io/digital-objects/ref-organ/mouth-female/v1.0/assets/crosswalk.csv
mouth-male	v1.0	https://cdn.humanatlas.io/digital-objects/ref-organ/mouth-male/v1.0/assets/3d-vh-m-mouth.glb	https://cdn.humanatlas.io/digital-objects/ref-organ/mouth-male/v1.0/assets/crosswalk.csv
omentum-female	v1.0	https://cdn.humanatlas.io/digital-objects/ref-organ/omentum-female/v1.0/assets/3d-vh-f-omentum.glb	https://cdn.humanatlas.io/digital-objects/ref-organ/omentum-female/v1.0/assets/crosswalk.csv
omentum-male	v1.0	https://cdn.humanatlas.io/digital-objects/ref-organ/omentum-male/v1.0/assets/3d-vh-m-omentum.glb	https://cdn.humanatlas.io/digital-objects/ref-organ/omentum-male/v1.0/assets/crosswalk.csv
ovary-female-left	v1.3	https://cdn.humanatlas.io/digital-objects/ref-organ/ovary-female-left/v1.3/assets/3d-vh-f-ovary-l.glb	https://cdn.humanatlas.io/digital-objects/ref-organ/ovary-female-left/v1.3/assets/crosswalk.csv
ovary-female-right	v1.3	https://cdn.humanatlas.io/digital-objects/ref-organ/ovary-female-right/v1.3/assets/3d-vh-f-ovary-r.glb	https://cdn.humanatlas.io/digital-objects/ref-organ/ovary-female-right/v1.3/assets/crosswalk.csv
palatine-tonsil-female-left	v1.2	https://cdn.humanatlas.io/digital-objects/ref-organ/palatine-tonsil-female-left/v1.2/assets/3d-vh-f-palatine-tonsil-l.glb	https://cdn.humanatlas.io/digital-objects/ref-organ/palatine-tonsil-female-left/v1.2/assets/crosswalk.csv
palatine-tonsil-female-right	v1.2	https://cdn.humanatlas.io/digital-objects/ref-organ/palatine-tonsil-female-right/v1.2/assets/3d-vh-f-palatine-tonsil-r.glb	https://cdn.humanatlas.io/digital-objects/ref-organ/palatine-tonsil-female-right/v1.2/assets/crosswalk.csv
palatine-tonsil-male-left	v1.2	https://cdn.humanatlas.io/digital-objects/ref-organ/palatine-tonsil-male-left/v1.2/assets/3d-vh-m-palatine-tonsil-l.glb	https://cdn.humanatlas.io/digital-objects/ref-organ/palatine-tonsil-male-left/v1.2/assets/crosswalk.csv
palatine-tonsil-male-right	v1.2	https://cdn.humanatlas.io/digital-objects/ref-organ/palatine-tonsil-male-right/v1.2/assets/3d-vh-m-palatine-tonsil-r.glb	https://cdn.humanatlas.io/digital-objects/ref-organ/palatine-tonsil-male-right/v1.2/assets/crosswalk.csv
pancreas-female	v1.3	https://cdn.humanatlas.io/digital-objects/ref-organ/pancreas-female/v1.3/assets/3d-vh-f-pancreas.glb	https://cdn.humanatlas.io/digital-objects/ref-organ/pancreas-female/v1.3/assets/crosswalk.csv
pancreas-male	v1.3	https://cdn.humanatlas.io/digital-objects/ref-organ/pancreas-male/v1.3/assets/3d-vh-m-pancreas.glb	https://cdn.humanatlas.io/digital-objects/ref-organ/pancreas-male/v1.3/assets/crosswalk.csv
pelvis-female	v1.3	https://cdn.humanatlas.io/digital-objects/ref-organ/pelvis-female/v1.3/assets/3d-vh-f-pelvis.glb	https://cdn.humanatlas.io/digital-objects/ref-organ/pelvis-female/v1.3/assets/crosswalk.csv
pelvis-male	v1.3	https://cdn.humanatlas.io/digital-objects/ref-organ/pelvis-male/v1.3/assets/3d-vh-m-pelvis.glb	https://cdn.humanatlas.io/digital-objects/ref-organ/pelvis-male/v1.3/assets/crosswalk.csv
placenta-full-term-female	v1.1	https://cdn.humanatlas.io/digital-objects/ref-organ/placenta-full-term-female/v1.1/assets/3d-vh-f-placenta-full-term.glb	https://cdn.humanatlas.io/digital-objects/ref-organ/placenta-full-term-female/v1.1/assets/crosswalk.csv
prostate-male	v1.2	https://cdn.humanatlas.io/digital-objects/ref-organ/prostate-male/v1.2/assets/3d-vh-m-prostate.glb	https://cdn.humanatlas.io/digital-objects/ref-organ/prostate-male/v1.2/assets/crosswalk.csv
renal-pelvis-female-left	v1.0	https://cdn.humanatlas.io/digital-objects/ref-organ/renal-pelvis-female-left/v1.0/assets/3d-vh-f-renal-pelvis-l.glb	https://cdn.humanatlas.io/digital-objects/ref-organ/renal-pelvis-female-left/v1.0/assets/crosswalk.csv
renal-pelvis-female-right	v1.0	https://cdn.humanatlas.io/digital-objects/ref-organ/renal-pelvis-female-right/v1.0/assets/3d-vh-f-renal-pelvis-r.glb	https://cdn.humanatlas.io/digital-objects/ref-organ/renal-pelvis-female-right/v1.0/assets/crosswalk.csv
renal-pelvis-male-left	v1.0	https://cdn.humanatlas.io/digital-objects/ref-organ/renal-pelvis-male-left/v1.0/assets/3d-vh-m-renal-pelvis-l.glb	https://cdn.humanatlas.io/digital-objects/ref-organ/renal-pelvis-male-left/v1.0/assets/crosswalk.csv
renal-pelvis-male-right	v1.0	https://cdn.humanatlas.io/digital-objects/ref-organ/renal-pelvis-male-right/v1.0/assets/3d-vh-m-renal-pelvis-r.glb	https://cdn.humanatlas.io/digital-objects/ref-organ/renal-pelvis-male-right/v1.0/assets/crosswalk.csv
skin-female	v1.5	https://cdn.humanatlas.io/digital-objects/ref-organ/skin-female/v1.5/assets/3d-vh-f-skin.glb	https://cdn.humanatlas.io/digital-objects/ref-organ/skin-female/v1.5/assets/crosswalk.csv
skin-male	v1.4	https://cdn.humanatlas.io/digital-objects/ref-organ/skin-male/v1.4/assets/3d-vh-m-skin.glb	https://cdn.humanatlas.io/digital-objects/ref-organ/skin-male/v1.4/assets/crosswalk.csv
small-intestine-female	v1.2	https://cdn.humanatlas.io/digital-objects/ref-organ/small-intestine-female/v1.2/assets/3d-vh-f-small-intestine.glb	https://cdn.humanatlas.io/digital-objects/ref-organ/small-intestine-female/v1.2/assets/crosswalk.csv
small-intestine-male	v1.2	https://cdn.humanatlas.io/digital-objects/ref-organ/small-intestine-male/v1.2/assets/3d-vh-m-small-intestine.glb	https://cdn.humanatlas.io/digital-objects/ref-organ/small-intestine-male/v1.2/assets/crosswalk.csv
spinal-cord-female	v1.1	https://cdn.humanatlas.io/digital-objects/ref-organ/spinal-cord-female/v1.1/assets/3d-vh-f-spinal-cord.glb	https://cdn.humanatlas.io/digital-objects/ref-organ/spinal-cord-female/v1.1/assets/crosswalk.csv
spinal-cord-male	v1.1	https://cdn.humanatlas.io/digital-objects/ref-organ/spinal-cord-male/v1.1/assets/3d-vh-m-spinal-cord.glb	https://cdn.humanatlas.io/digital-objects/ref-organ/spinal-cord-male/v1.1/assets/crosswalk.csv
spleen-female	v1.3	https://cdn.humanatlas.io/digital-objects/ref-organ/spleen-female/v1.3/assets/3d-vh-f-spleen.glb	https://cdn.humanatlas.io/digital-objects/ref-organ/spleen-female/v1.3/assets/crosswalk.csv
spleen-male	v1.3	https://cdn.humanatlas.io/digital-objects/ref-organ/spleen-male/v1.3/assets/3d-vh-m-spleen.glb	https://cdn.humanatlas.io/digital-objects/ref-organ/spleen-male/v1.3/assets/crosswalk.csv
sternum-female	v1.0	https://cdn.humanatlas.io/digital-objects/ref-organ/sternum-female/v1.0/assets/3d-vh-f-sternum.glb	https://cdn.humanatlas.io/digital-objects/ref-organ/sternum-female/v1.0/assets/crosswalk.csv
thymus-female	v1.3	https://cdn.humanatlas.io/digital-objects/ref-organ/thymus-female/v1.3/assets/3d-vh-f-thymus.glb	https://cdn.humanatlas.io/digital-objects/ref-organ/thymus-female/v1.3/assets/crosswalk.csv
thymus-male	v1.3	https://cdn.humanatlas.io/digital-objects/ref-organ/thymus-male/v1.3/assets/3d-vh-m-thymus.glb	https://cdn.humanatlas.io/digital-objects/ref-organ/thymus-male/v1.3/assets/crosswalk.csv
trachea-female	v1.1	https://cdn.humanatlas.io/digital-objects/ref-organ/trachea-female/v1.1/assets/3d-vh-f-trachea.glb	https://cdn.humanatlas.io/digital-objects/ref-organ/trachea-female/v1.1/assets/crosswalk.csv
trachea-male	v1.1	https://cdn.humanatlas.io/digital-objects/ref-organ/trachea-male/v1.1/assets/3d-vh-m-trachea.glb	https://cdn.humanatlas.io/digital-objects/ref-organ/trachea-male/v1.1/assets/crosswalk.csv
united-female	v1.10	https://cdn.humanatlas.io/digital-objects/ref-organ/united-female/v1.10/assets/3d-vh-f-united.glb	https://cdn.humanatlas.io/digital-objects/ref-organ/united-female/v1.10/assets/crosswalk.csv
united-male	v1.10	https://cdn.humanatlas.io/digital-objects/ref-organ/united-male/v1.10/assets/3d-vh-m-united.glb	https://cdn.humanatlas.io/digital-objects/ref-organ/united-male/v1.10/assets/crosswalk.csv
ureter-female-left	v1.2	https://cdn.humanatlas.io/digital-objects/ref-organ/ureter-female-left/v1.2/assets/3d-vh-f-ureter-l.glb	https://cdn.humanatlas.io/digital-objects/ref-organ/ureter-female-left/v1.2/assets/crosswalk.csv
ureter-female-right	v1.2	https://cdn.humanatlas.io/digital-objects/ref-organ/ureter-female-right/v1.2/assets/3d-vh-f-ureter-r.glb	https://cdn.humanatlas.io/digital-objects/ref-organ/ureter-female-right/v1.2/assets/crosswalk.csv
ureter-male-left	v1.2	https://cdn.humanatlas.io/digital-objects/ref-organ/ureter-male-left/v1.2/assets/3d-vh-m-ureter-l.glb	https://cdn.humanatlas.io/digital-objects/ref-organ/ureter-male-left/v1.2/assets/crosswalk.csv
ureter-male-right	v1.2	https://cdn.humanatlas.io/digital-objects/ref-organ/ureter-male-right/v1.2/assets/3d-vh-m-ureter-r.glb	https://cdn.humanatlas.io/digital-objects/ref-organ/ureter-male-right/v1.2/assets/crosswalk.csv
urinary-bladder-female	v1.2	https://cdn.humanatlas.io/digital-objects/ref-organ/urinary-bladder-female/v1.2/assets/3d-vh-f-urinary-bladder.glb	https://cdn.humanatlas.io/digital-objects/ref-organ/urinary-bladder-female/v1.2/assets/crosswalk.csv
urinary-bladder-male	v1.2	https://cdn.humanatlas.io/digital-objects/ref-organ/urinary-bladder-male/v1.2/assets/3d-vh-m-urinary-bladder.glb	https://cdn.humanatlas.io/digital-objects/ref-organ/urinary-bladder-male/v1.2/assets/crosswalk.csv
uterus-female	v1.2	https://cdn.humanatlas.io/digital-objects/ref-organ/uterus-female/v1.2/assets/3d-vh-f-uterus.glb	https://cdn.humanatlas.io/digital-objects/ref-organ/uterus-female/v1.2/assets/crosswalk.csv
